DATE,COMT,FTGC,TIP,EMB,CBON
2/01/2018,36.6,20.79,113.8,116.4,22.83
3/01/2018,36.83,20.89,113.91,116.35,22.83
4/01/2018,36.9,20.93,113.94,116.65,22.83
5/01/2018,36.86,20.82,113.92,116.72,22.934
8/01/2018,36.91,20.8,113.8,116.51,22.938
9/01/2018,37.23,20.84,113.43,116.15,22.89
10/01/2018,37.27,20.85,113.39,115.81,22.84
11/01/2018,37.46,20.82,113.27,115.96,22.925
12/01/2018,37.7,20.9499,113.38,116.13,23
15/01/2018,37.7,20.9499,113.38,116.13,23
16/01/2018,37.47,20.84,113.57,116.14,23.04
17/01/2018,37.42,20.87,113.49,116.17,23.09
18/01/2018,37.46,20.87,113.39,115.9,23.13
19/01/2018,37.54,20.8524,113.2,115.57,23.22
22/01/2018,37.71,20.95,113.14,115.59,23.2238
23/01/2018,37.96,20.9749,113.31,115.81,23.26
24/01/2018,38.3,21.25,113.23,115.64,23.361
25/01/2018,38.11,21.12,113.44,115.8,23.6
26/01/2018,38.42,21.18,113.37,116.02,23.63
29/01/2018,38.16,21.091,113.1,115.39,23.44
30/01/2018,37.88,20.96,112.83,115.19,23.44
31/01/2018,37.88,21.0232,113.11,115.36,23.64
1/02/2018,38.105,21.17,112.51,115,23.62
2/02/2018,37.42,20.889,112.37,114.11,23.525
5/02/2018,36.73,20.76,112.79,113.46,23.51
6/02/2018,36.71,20.75,112.33,113.67,23.7204
7/02/2018,36.28,20.425,112.08,113.47,23.7
8/02/2018,35.63,20.331,111.85,112.19,23.3529
9/02/2018,35.16,20.2027,111.5,111.86,23.3701
12/02/2018,35.44,20.25,111.58,112.04,23.3701
13/02/2018,35.55,20.39,111.66,111.63,23.575
14/02/2018,36.16,20.72,111.56,111.38,23.66
15/02/2018,36.34,20.815,111.62,112.11,23.69
16/02/2018,36.45,20.77,111.8,112.85,23.69
19/02/2018,36.45,20.77,111.8,112.85,23.69
20/02/2018,36.43,20.78,111.71,112.11,23.77
21/02/2018,36.31,20.78,111.39,111.72,23.77
22/02/2018,36.75,20.9,111.49,111.84,23.6258
23/02/2018,37.21,21.01,111.9,112.68,23.6258
26/02/2018,37.39,21.12,112.04,112.99,23.74
27/02/2018,37.01,20.95,111.76,112.78,23.69
28/02/2018,36.41,20.76,111.92,112.54,23.69
1/03/2018,36.34,20.78,112.26,111.79,23.54
2/03/2018,36.32,20.78,112.17,112.17,23.5537
5/03/2018,36.78,20.92,112.1,112,23.5537
6/03/2018,36.86,20.97,112.07,112.17,23.615
7/03/2018,36.48,20.79,112.07,112.05,23.6401
8/03/2018,36.3,20.7,112.18,112.06,23.6401
9/03/2018,36.71,20.76,112.01,112.28,23.6034
12/03/2018,36.61,20.74,112.09,112.26,23.7248
13/03/2018,36.54,20.75,112.18,112.08,23.7248
14/03/2018,36.53,20.7336,112.37,112.33,23.795
15/03/2018,36.4,20.6999,112.38,112.24,23.705
16/03/2018,36.68,20.71,112.19,112.23,23.7
19/03/2018,36.35,20.5104,112.12,111.76,23.65
20/03/2018,36.59,20.59,111.95,111.53,23.63
21/03/2018,37.22,20.84,112.19,111.87,23.658
22/03/2018,36.56,20.6932,112.52,111.54,23.67
23/03/2018,36.75,20.83,112.58,111.09,23.63
26/03/2018,36.87,20.823,112.38,111.76,23.9771
27/03/2018,36.75,20.74,112.81,111.93,24.01
28/03/2018,36.58,20.6782,112.81,112.22,23.985
29/03/2018,36.92,20.87,113.05,112.82,23.98
30/03/2018,36.92,20.87,113.05,112.82,23.98
2/04/2018,36.23,20.75,112.87,112.23,23.855
3/04/2018,36.56,20.74,112.8,112.31,23.855
4/04/2018,36.52,20.63,112.74,112.44,23.855
5/04/2018,36.82,20.777,112.42,112.4,23.98
6/04/2018,36.3,20.6799,112.87,112.57,23.98
9/04/2018,36.79,20.8569,112.85,112.46,23.8752
10/04/2018,37.52,21.06,112.8,112.28,23.9652
11/04/2018,37.79,21.116,113.13,112.32,24.0698
12/04/2018,37.84,21.0979,112.95,112.32,24.06
13/04/2018,37.975,21.14,113.11,112.41,24.06
16/04/2018,37.75,21.13,113.01,112.27,24.0828
17/04/2018,37.83,21.125,113.18,112.03,24.0828
18/04/2018,38.57,21.48,112.95,112.03,24.0828
19/04/2018,38.37,21.4,112.77,111.64,24.24
20/04/2018,38.34,21.32,112.38,111.15,24.24
23/04/2018,38.45,21.29,112.35,110.88,24.24
24/04/2018,38.13,21.2,112.04,110.71,24.13
25/04/2018,38.25,21.27,111.87,110.31,24.08
26/04/2018,38.39,21.31,112.16,110.4,24.0436
27/04/2018,38.36,21.33,112.52,110.49,23.99
30/04/2018,38.41,21.3,112.61,110.14,23.99
1/05/2018,38.16,21.31,111.79,109.53,23.99
2/05/2018,38.13,21.2467,111.93,108.66,23.848
3/05/2018,38.35,21.4,112.07,108.54,23.848
4/05/2018,38.66,21.44,112.1,108.63,23.78
7/05/2018,38.75,21.37,112.12,108.18,23.836
8/05/2018,38.85,21.39,111.92,107.54,23.836
9/05/2018,39.3,21.44,111.85,107.35,23.849
10/05/2018,39.55,21.53,112.07,108.71,23.885
11/05/2018,39.44,21.49,112.07,109.17,23.885
14/05/2018,39.71,21.55,111.79,108.98,23.81
15/05/2018,39.66,21.38,111.43,108.23,23.81
16/05/2018,39.92,21.47,111.27,108.46,23.8248
17/05/2018,39.96,21.5,111.06,108.03,23.8248
18/05/2018,39.98,21.56,111.36,107.91,23.86
21/05/2018,40.34,21.73,111.4,107.93,23.86
22/05/2018,40.3,21.74,111.35,108.35,23.86
23/05/2018,40.375,21.78,111.67,109.02,23.86
24/05/2018,40.04,21.79,111.8,109.35,23.86
25/05/2018,39.41,21.7,111.96,109.62,23.83
28/05/2018,39.41,21.7,111.96,109.62,23.83
29/05/2018,38.9,21.55,112.62,109.32,23.83
30/05/2018,39.51,21.73,112.41,109.29,23.6758
31/05/2018,39.28,21.67,112.48,108.84,23.6758
1/06/2018,39.04,21.6,111.98,108,23.5494
4/06/2018,38.69,21.31,111.75,107.96,23.5494
5/06/2018,38.8,21.29,112,108.13,23.69
6/06/2018,39.1,21.39,111.76,107.89,23.7
7/06/2018,39.3,21.39,112.1,107.59,23.77
8/06/2018,39.24,21.5,111.91,107.69,23.77
11/06/2018,39.18,21.42,111.91,107.48,23.77
12/06/2018,39.21,21.47,111.82,107.03,23.77
13/06/2018,39.25,21.47,111.75,106.69,23.6001
14/06/2018,38.96,21.25,112.04,106.56,23.6001
15/06/2018,38.06,20.86,112.08,106.78,23.6001
18/06/2018,38.41,20.9,112.17,106.21,23.48
19/06/2018,37.96,20.66,112.35,106.18,23.2798
20/06/2018,37.94,20.65,112.04,106.41,23.333
21/06/2018,37.625,20.5128,112.24,106.8,23.3066
22/06/2018,38.45,20.76,112.4,107.4,23.3066
25/06/2018,38.01,20.47,112.45,106.91,23.135
26/06/2018,38.3,20.55,112.61,106.76,22.99
27/06/2018,38.525,20.55,112.98,106.55,22.902
28/06/2018,38.48,20.53,112.83,106.76,22.84
29/06/2018,39.06,20.69,112.87,106.77,22.9
2/07/2018,38.32,20.43,112.48,106.32,22.7271
3/07/2018,38.34,20.3664,112.72,106.66,22.7271
4/07/2018,38.34,20.3664,112.72,106.66,22.7271
5/07/2018,38.59,20.32,112.85,107.34,22.86
6/07/2018,38.65,20.44,113.01,108.26,22.86
9/07/2018,38.985,20.47,112.78,108.56,22.92
10/07/2018,39.15,20.4332,112.61,108.75,22.93
11/07/2018,37.99,19.93,112.73,108.3,22.7782
12/07/2018,38.15,20.01,112.64,108.51,22.7782
13/07/2018,38.21,19.956,112.86,109.07,22.721
16/07/2018,37.625,19.8,112.56,108.79,22.721
17/07/2018,37.51,19.78,112.41,108.78,22.7
18/07/2018,37.88,19.82,112.23,108.68,22.68
19/07/2018,37.7,19.76,112.39,108.66,22.49
20/07/2018,37.84,19.86,112.12,108.56,22.49
23/07/2018,37.97,19.84,111.59,108.42,22.44
24/07/2018,38.16,19.91,111.65,108.32,22.4502
25/07/2018,38.62,20.11,111.67,109.29,22.63
26/07/2018,38.69,20.03,111.56,109.38,22.64
27/07/2018,38.56,20,111.73,109.57,22.64
30/07/2018,38.83,20.06,111.67,109.26,22.4511
31/07/2018,38.67,20.07,111.84,109.06,22.53
1/08/2018,38.27,19.77,111.1,108.16,22.53
2/08/2018,38.28,19.84,111.16,108.07,22.53
3/08/2018,38.39,19.95,111.38,108.31,22.3948
6/08/2018,38.52,19.96,111.4,108.13,22.575
7/08/2018,38.57,19.99,111.25,107.97,22.5
8/08/2018,38.23,19.93,111.26,107.97,22.38
9/08/2018,38.04,19.88,111.52,107.59,22.57
10/08/2018,37.96,19.74,111.88,106.37,22.57
13/08/2018,37.74,19.58,111.86,105.9,22.27
14/08/2018,37.79,19.6,111.72,106.59,22.2
15/08/2018,36.85,19.18,111.94,106.37,22.11
16/08/2018,37.1,19.35,111.87,106.59,22.062
17/08/2018,37.39,19.54,111.92,107.02,22.45
20/08/2018,37.56,19.49,112.14,106.88,22.38
21/08/2018,37.61,19.5,112.07,107.18,22.36
22/08/2018,37.9,19.53,112.31,107.65,22.32
23/08/2018,37.68,19.4,112.4,107.12,22.22
24/08/2018,38.08,19.55,112.51,107.4,22.46
27/08/2018,38.23,19.62,112.34,107.54,22.74
28/08/2018,38.14,19.48,112.12,107.34,22.74
29/08/2018,38.37,19.6,112.12,107.02,22.5252
30/08/2018,38.2,19.46,112.22,106.43,22.5252
31/08/2018,38.18,19.54,112.09,106.1,22.4
3/09/2018,38.18,19.54,112.09,106.1,22.4
4/09/2018,37.97,19.37,111.55,105.34,22.3997
5/09/2018,37.824,19.37,111.44,105.41,22.3997
6/09/2018,37.62,19.33,111.54,105.88,22.3997
7/09/2018,37.65,19.32,111.22,105.6,22.35
10/09/2018,37.57,19.44,111.25,105.4,22.35
11/09/2018,37.83,19.38,111.02,105.2,22.1913
12/09/2018,38.2,19.57,111.12,105.54,22.23
13/09/2018,37.89,19.425,110.96,106.57,22.3
14/09/2018,37.975,19.29,110.76,106.69,22.3
17/09/2018,37.95,19.29,110.78,106.36,22.3
18/09/2018,38.23,19.43,110.55,106.03,22.3
19/09/2018,38.38,19.535,110.43,106.41,22.3
20/09/2018,38.44,19.59,110.58,107.01,22.42
21/09/2018,38.59,19.65,110.59,107.24,22.32
24/09/2018,38.95,19.77,110.48,107.13,22.32
25/09/2018,39.03,19.815,110.44,107.21,22.3
26/09/2018,38.73,19.73,110.63,107.7,22.3
27/09/2018,38.7501,19.73,110.67,108.08,22.289
28/09/2018,38.93,19.84,110.62,107.81,22.289
1/10/2018,39.52,20.05,110.19,107.36,22.289
2/10/2018,39.66,20.185,110.37,107.47,22.289
3/10/2018,39.93,20.24,109.84,106.91,22.289
4/10/2018,39.62,20.06,109.57,106.16,22.289
5/10/2018,39.5071,20.12,109.27,105.84,22.289
8/10/2018,39.415,20.13,109.22,105.81,22.289
9/10/2018,39.56,20.23,109.53,105.85,22.1933
10/10/2018,38.8,19.93,109.42,105.41,22.1933
11/10/2018,38.22,19.85,109.6,105.57,22.1767
12/10/2018,38.44,20.01,109.43,105.81,22.1767
15/10/2018,38.64,20.16,109.5,105.83,22.24
16/10/2018,38.83,20.17,109.51,106.23,22.2596
17/10/2018,38.53,20.1,109.25,105.98,22.2596
18/10/2018,38.13,19.86,109.17,105.58,22.2596
19/10/2018,38.24,19.89,109.07,105.46,22.09
22/10/2018,38.21,19.91,109.01,105.35,22.09
23/10/2018,37.54,19.77,109.04,105.38,22.0726
24/10/2018,37.2,19.68,109.4,104.97,22.0726
25/10/2018,37.23,19.66,108.94,105.3,22.0726
26/10/2018,37.42,19.8103,109.49,105.44,22.0726
29/10/2018,37.12,19.61,109.38,104.99,22.0726
30/10/2018,37.06,19.52,109.09,105.1,22.0726
31/10/2018,37.05,19.37,108.84,104.66,22.0894
1/11/2018,37.155,19.49,108.61,104.7,22.0894
2/11/2018,37.19,19.5287,108.28,104.58,22.0894
5/11/2018,37.23,19.45,108.48,104.83,22.0894
6/11/2018,37.16,19.36,108.44,104.7,22.0894
7/11/2018,37.49,19.38,108.52,104.95,22.0894
8/11/2018,37.1426,19.28,108.37,104.56,22.0894
9/11/2018,36.83,19.12,108.63,104.61,22.0894
12/11/2018,36.5041,19.015,108.86,104.23,22.0894
13/11/2018,35.84,18.87,108.77,104.1,22.0894
14/11/2018,36.04,19.22,108.78,104.3,22.247
15/11/2018,36.01,18.99,108.87,103.87,22.2338
16/11/2018,36.18,19.24,109.32,104.025,22.35
19/11/2018,36.04,19.25,109.27,103.66,22.35
20/11/2018,35.1,18.85,109.11,102.82,22.2505
21/11/2018,35.51,18.92,109.06,103.29,22.2505
22/11/2018,35.51,18.92,109.06,103.29,22.2505
23/11/2018,34.89,18.61,108.89,102.93,22.2505
26/11/2018,34.97,18.52,108.77,103.08,22.2505
27/11/2018,34.84,18.48,108.48,102.36,22.2505
28/11/2018,35.2,18.615,108.61,103.64,22.2505
29/11/2018,35.23,18.63,109.25,103.46,22.24
30/11/2018,35.1,18.62,109.27,103.69,22.24
3/12/2018,35.79,18.88,109.32,103.96,22.508
4/12/2018,35.44,18.9,109.65,103.66,22.508
5/12/2018,35.44,18.9,109.65,103.66,22.508
6/12/2018,35.19,18.77,109.66,103.97,22.38
7/12/2018,35.08,18.95,109.82,104.07,22.38
10/12/2018,34.67,18.74,109.55,104.07,22.355
11/12/2018,34.78,18.795,109.11,104.14,22.3925
12/12/2018,34.88,18.75,108.95,104.33,22.455
13/12/2018,35.14,18.87,108.97,104.63,22.47
14/12/2018,34.7,18.65,109.05,104.65,22.375
17/12/2018,34.33,18.53,109.24,104.79,22.405
18/12/2018,30.86,18.21,109.34,103.61,22.375
19/12/2018,30.82,18.22,109.53,103.47,22.34
20/12/2018,30.23,18.15,109.22,103.28,22.43
21/12/2018,30.21,17.96,109.17,102.95,22.36
24/12/2018,29.85,17.95,109.33,102.9,22.425
25/12/2018,29.85,17.95,109.33,102.9,22.425
26/12/2018,30.69,18.16,109.11,103.05,22.47
27/12/2018,30.41,17.99,109.11,103.48,22.435
28/12/2018,30.35,17.96,109.43,103.55,22.425
31/12/2018,30.49,17.93,109.51,103.91,22.385
1/01/2019,30.49,17.93,109.51,103.91,22.385
2/01/2019,30.66,17.98,109.68,103.91,22.485
3/01/2019,30.56,18.1,110.32,104.35,22.46
4/01/2019,31.24,18.2,110.09,105.14,22.49
7/01/2019,31.39,18.32,110.02,105.59,22.57
8/01/2019,31.67,18.42,110.11,105.51,22.61
9/01/2019,32.03,18.6,110.24,105.7,22.725
10/01/2019,32.01,18.5,109.98,105.51,22.865
11/01/2019,31.81,18.52,110.27,105.52,22.885
14/01/2019,31.6,18.39,110.07,105.4,22.915
15/01/2019,31.68,18.45,109.97,105.76,22.86
16/01/2019,31.83,18.5,109.96,105.85,22.855
17/01/2019,31.93,18.61,109.87,106.21,22.86
18/01/2019,32.25,18.64,109.74,106.72,22.805
21/01/2019,32.25,18.64,109.74,106.72,22.805
22/01/2019,31.99,18.55,109.81,106.75,22.795
23/01/2019,31.86,18.57,109.68,107.28,22.835
24/01/2019,31.85,18.56,109.85,107.8,22.85
25/01/2019,32.17,18.68,109.68,107.7,22.955
28/01/2019,31.77,18.5759,109.53,107.21,22.985
29/01/2019,32.02,18.66,109.85,107.3,22.97
30/01/2019,32.3,18.74,110.45,108.06,23.085
31/01/2019,32.19,18.69,111.07,108.88,23.145
1/02/2019,32.48,18.76,110.68,108.59,22.975
4/02/2019,32.62,18.83,110.46,108.22,22.885
5/02/2019,32.555,18.79,110.61,108.94,22.935
6/02/2019,32.52,18.765,110.54,108.38,22.87
7/02/2019,32.17,18.67,110.71,108.18,22.87
8/02/2019,32.11,18.67,110.76,107.7,22.835
11/02/2019,32.06,18.57,110.53,107.45,22.8
12/02/2019,32.29,18.63,110.55,107.85,22.81
13/02/2019,32.45,18.61,110.53,107.86,22.875
14/02/2019,32.4884,18.65,110.84,108.14,22.87
15/02/2019,32.85,18.88,110.84,108.23,22.925
18/02/2019,32.85,18.88,110.84,108.23,22.925
19/02/2019,32.91,18.91,111.1,108.16,22.94
20/02/2019,33.11,18.96,111.14,108.17,23.085
21/02/2019,33.06,18.93,110.95,108.1,23.145
22/02/2019,33.2,19,111.24,108.77,23.095
25/02/2019,32.95,18.84,111.16,108.59,23.18
26/02/2019,32.93,18.84,111.32,108.91,23.19
27/02/2019,33.08,18.89,111.06,108.94,23.19
28/02/2019,32.84,18.84,110.88,108.87,23.21
1/03/2019,32.74,18.71,110.66,108.04,23.015
4/03/2019,32.92,18.66,110.82,107.98,23.04
5/03/2019,32.94,18.75,110.78,108.03,22.99
6/03/2019,32.75,18.69,110.91,107.94,23.005
7/03/2019,32.58,18.6,111.22,107.69,22.94
8/03/2019,32.47,18.6,111.32,107.99,22.925
11/03/2019,32.68,18.57,111.3,108.39,23.005
12/03/2019,32.81,18.71,111.51,108.73,23.035
13/03/2019,33.155,18.83,111.64,108.76,23.04
14/03/2019,32.97,18.73,111.61,108.6,23.015
15/03/2019,33.16,18.79,112,109.04,23.005
18/03/2019,33.24,18.81,111.99,109.14,23.025
19/03/2019,33.34,18.89,111.89,109.22,22.99
20/03/2019,33.46,19,112.63,110.19,23.17
21/03/2019,33.51,18.97,112.62,110.16,23.175
22/03/2019,33.07,18.86,112.96,109.43,23.0503
25/03/2019,33.12,18.92,112.93,110.04,23.075
26/03/2019,33.22,18.9,112.73,110.14,23.08
27/03/2019,33.14,18.82,112.78,109.73,23.096
28/03/2019,33.12,18.74,112.87,109.96,23.01
29/03/2019,33.07,18.73,113.07,110.06,23.1028
1/04/2019,33.38,18.8,112.65,109.8,23.075
2/04/2019,33.49,18.89,112.76,109.87,23.02
3/04/2019,33.48,18.96,112.41,109.62,23.02
4/04/2019,33.63,19.02,112.49,109.59,23.035
5/04/2019,33.74,19.02,112.62,110.02,23.05
8/04/2019,33.83,19.11,112.51,109.58,23.085
9/04/2019,33.68,19.06,112.62,109.65,23.079
10/04/2019,33.87,19.15,113.03,109.87,23.07
11/04/2019,33.65,19,112.77,109.47,22.98
12/04/2019,33.86,19.1,112.56,109.46,23.015
15/04/2019,33.82,19.03,112.62,109.53,23.11
16/04/2019,33.77,18.97,112.36,109.32,23.015
17/04/2019,33.78,18.86,112.34,109.42,23.03
18/04/2019,33.7808,18.9067,112.66,109.51,23.02
19/04/2019,33.7808,18.9067,112.66,109.51,23.02
22/04/2019,33.92,18.93,112.55,109.43,22.99
23/04/2019,33.92,18.87,112.81,109.76,22.985
24/04/2019,33.65,18.83,113.2,109.45,22.81
25/04/2019,33.4786,18.77,113.2,109.6,22.8
26/04/2019,33.1511,18.68,113.45,109.53,22.805
29/04/2019,33.15,18.62,113.13,109.64,22.845
30/04/2019,33.16,18.64,113.32,109.8,22.84
1/05/2019,33.01,18.54,113.04,109.32,22.88
2/05/2019,32.62,18.45,112.58,109.15,22.86
3/05/2019,32.78,18.49,112.89,109.77,22.845
6/05/2019,32.71,18.47,113.06,109.75,22.77
7/05/2019,32.32,18.27,113.12,109.17,22.74
8/05/2019,32.37,18.25,112.83,109.29,22.585
9/05/2019,32.185,18.2,113.02,108.96,22.52
10/05/2019,32.2394,18.22,113.27,109.33,22.49
13/05/2019,31.88,18.11,113.51,108.45,22.265
14/05/2019,32.27,18.28,113.59,108.79,22.345
15/05/2019,32.42,18.38,113.82,109.19,22.3649
16/05/2019,32.67,18.51,113.64,109.21,22.33
17/05/2019,32.43,18.37,113.53,108.96,22.29
20/05/2019,32.5,18.43,113.38,109.45,22.275
21/05/2019,32.65,18.44,113.44,109.58,22.335
22/05/2019,32.31,18.27,113.48,109.52,22.345
23/05/2019,31.57,18.1,113.72,109.37,22.34
24/05/2019,32.01,18.27,113.91,109.48,22.37
27/05/2019,32.01,18.27,113.91,109.48,22.37
28/05/2019,32.14,18.36,113.97,109.62,22.43
29/05/2019,32,18.36,114.17,109.56,22.42
30/05/2019,31.73,18.26,114.55,109.89,22.4
31/05/2019,31.06,18.01,115.27,109.89,22.4
3/06/2019,31.1,18.01,114.94,109.39,22.2598
4/06/2019,31.42,18.09,114.71,110.05,22.315
5/06/2019,30.99,17.83,114.78,110.4,22.26
6/06/2019,31.44,18.01,114.71,110.82,22.28
7/06/2019,31.51,17.96,115.13,111.49,22.31
10/06/2019,31.575,17.97,114.51,111.35,22.245
11/06/2019,31.785,18.1,114.36,111.2,22.35
12/06/2019,31.37,17.97,114.42,111.11,22.35
13/06/2019,31.67,18.12,114.46,111.36,22.36
14/06/2019,31.62,18.09,114.28,111.27,22.28
17/06/2019,31.61,18.1,114.06,111.32,22.34
18/06/2019,32.08,18.25,114.53,112.45,22.37
19/06/2019,31.9879,18.21,115.19,113.43,22.53
20/06/2019,32.51,18.41,115.84,113.94,22.575
21/06/2019,32.62,18.43,115.32,112.83,22.61
24/06/2019,32.59,18.5,115.54,113.05,22.545
25/06/2019,32.63,18.53,115.34,112.47,22.505
26/06/2019,32.87,18.62,115.23,112.66,22.52
27/06/2019,32.83,18.67,115.45,113.12,22.545
28/06/2019,32.7,18.56,115.49,113.29,22.6
1/07/2019,32.83,18.5,114.64,113.43,22.555
2/07/2019,32.34,18.35,114.7,113.63,22.475
3/07/2019,32.54,18.49,115,113.94,22.475
4/07/2019,32.54,18.49,115,113.94,22.475
5/07/2019,32.56,18.43,114.65,113.35,22.505
8/07/2019,32.49,18.42,114.67,113.19,22.475
9/07/2019,32.5421,18.51,114.79,112.92,22.5
10/07/2019,33,18.76,114.99,113.1,22.52
11/07/2019,33.06,18.73,114.63,112.77,22.595
12/07/2019,33.2,18.81,114.83,113,22.54
15/07/2019,33.05,18.74,115.12,113.23,22.56
16/07/2019,32.7316,18.57,114.93,113.17,22.56
17/07/2019,32.52,18.56,115.17,113.3,22.535
18/07/2019,32.36,18.58,115.41,113.51,22.535
19/07/2019,32.62,18.6,115.23,113.34,22.515
22/07/2019,32.53,18.6,115.26,113.74,22.515
23/07/2019,32.73,18.66,115.23,114.09,22.515
24/07/2019,32.63,18.62,115.26,114.35,22.525
25/07/2019,32.5382,18.55,115.07,114.18,22.555
26/07/2019,32.51,18.51,114.99,114.12,22.61
29/07/2019,32.56,18.575,114.89,114.11,22.575
30/07/2019,32.7,18.57,115.06,113.92,22.585
31/07/2019,32.454,18.39,115.24,113.68,22.57
1/08/2019,31.65,18.0956,115.39,113.75,22.3358
2/08/2019,31.54,18.03,115.47,113.68,22.208
5/08/2019,31.14,17.97,115.87,112.56,21.85
6/08/2019,30.97,17.91,116.3,113.35,21.86
7/08/2019,30.84,17.91,116.36,113.92,21.955
8/08/2019,31.19,18.02,116.66,114.49,21.9
9/08/2019,31.22,18.06,116.54,114.43,21.89
12/08/2019,30.86,17.94,117.01,113.23,21.875
13/08/2019,31.29,18.05,116.82,113.07,22.11
14/08/2019,30.73,17.92,117.04,112.92,22.335
15/08/2019,30.56,17.89,117.56,113.37,22.035
16/08/2019,30.56,17.83,117.22,114.02,22.095
19/08/2019,30.89,17.83,116.78,113.56,22.015
20/08/2019,30.86,17.85,116.93,113.59,21.991
21/08/2019,30.995,17.895,116.81,113.92,21.975
22/08/2019,30.86,17.83,116.71,113.98,22.01
23/08/2019,30.475,17.7,117.38,114.03,21.86
26/08/2019,30.511,17.85,117.25,113.93,21.71
27/08/2019,30.61,17.86,117.8,114.25,21.685
28/08/2019,30.89,18.02,118.03,114.38,21.77
29/08/2019,31.05,18.01,118.1,114.64,21.74
30/08/2019,30.84,17.93,117.65,115.02,21.8295
2/09/2019,30.84,17.93,117.65,115.02,21.8295
3/09/2019,30.63,17.9,117.45,114.87,21.635
4/09/2019,31.26,18.18,117.74,115.59,21.655
5/09/2019,31.38,18.11,117.21,114.97,21.78
6/09/2019,31.28,18.06,117.31,115.38,21.865
9/09/2019,31.59,18.15,116.71,114.43,21.825
10/09/2019,31.82,18.24,116.04,113.58,21.855
11/09/2019,31.73,18.2,115.91,113.7,21.83
12/09/2019,31.71,18.24,115.82,113.92,21.925
13/09/2019,31.835,18.24,115.14,112.61,22.035
16/09/2019,32.77,18.72,115.83,113.09,22.06
17/09/2019,32.27,18.49,115.98,113.45,21.935
18/09/2019,32.18,18.41,115.62,113.46,21.9499
19/09/2019,32.26,18.47,115.85,113.96,21.935
20/09/2019,32.3,18.4,116.49,114.47,21.925
23/09/2019,32.34,18.545,116.65,114.21,21.88
24/09/2019,31.96,18.45,116.91,113.48,21.9099
25/09/2019,31.9326,18.34,116.3,113.15,21.8486
26/09/2019,31.9,18.32,116.37,113.38,21.795
27/09/2019,31.84,18.28,116.19,113.23,21.75
30/09/2019,31.54,18.15,116.29,113.35,21.8065
1/10/2019,31.34,18.13,116.32,112.41,21.655
2/10/2019,30.94,18.13,116.32,112.39,21.6849
3/10/2019,30.96,18.1692,116.69,112.93,21.74
4/10/2019,31.1798,18.17,117.05,113.92,21.815
7/10/2019,31.05,18.139,116.73,113.28,21.775
8/10/2019,30.93,18.14,116.62,113.17,21.665
9/10/2019,31.08,18.17,116.38,113.18,21.65
10/10/2019,31.29,18.18,116.01,112.99,21.745
11/10/2019,31.74,18.41,115.65,112.91,21.85
14/10/2019,31.54,18.36,115.84,112.96,21.975
15/10/2019,31.56,18.32,115.45,113.2,21.875
16/10/2019,31.52,18.33,115.63,113.02,21.83
17/10/2019,31.65,18.39,115.79,113.18,21.875
18/10/2019,31.56,18.43,115.97,113.28,21.875
21/10/2019,31.57,18.35,115.6,112.87,21.93
22/10/2019,31.69,18.37,115.95,113.28,21.905
23/10/2019,32.01,18.48,116.03,113.48,21.9315
24/10/2019,32.05,18.56,116.1,113.48,21.9749
25/10/2019,32.24,18.6,116.12,113.45,21.94
28/10/2019,32.19,18.56,115.56,113.27,21.935
29/10/2019,32.23,18.58,115.27,112.97,21.925
30/10/2019,31.98,18.6,115.7,113.09,21.94
31/10/2019,31.78,18.49,116.06,113.6,21.95
1/11/2019,32.39,18.8,116.21,113.6,21.875
4/11/2019,32.6,18.84,116.13,113.36,21.885
5/11/2019,32.74,18.84,115.91,112.54,21.965
6/11/2019,32.41,18.69,116.28,112.59,21.975
7/11/2019,32.59,18.62,115.63,112.2,22.13
8/11/2019,32.55,18.62,115.56,112.36,22.125
11/11/2019,32.425,18.52,115.62,112.27,22.005
12/11/2019,32.41,18.54,115.6,112.04,22.01
13/11/2019,32.39,18.517,115.7,111.87,21.975
14/11/2019,32.27,18.48,115.97,112.46,21.97
15/11/2019,32.38,18.5,115.83,112.55,22.03
18/11/2019,32.1067,18.34,116.06,112.015,22.03
19/11/2019,31.895,18.34,116.27,111.77,21.97
20/11/2019,32.0419,18.42,116.72,111.96,21.92
21/11/2019,32.232,18.48,116.46,111.97,21.98
22/11/2019,32.22,18.45,116.5,112.27,21.99
25/11/2019,32.32,18.45,116.63,112.26,21.995
26/11/2019,32.425,18.5,116.88,112.56,22.055
27/11/2019,32.3804,18.42,116.65,112.4,22.13
28/11/2019,32.3804,18.42,116.65,112.4,22.13
29/11/2019,31.9373,18.2241,116.38,112.12,22.15
2/12/2019,31.922,18.13,116.11,111.26,21.955
3/12/2019,31.81,18.22,116.83,111.48,21.87
4/12/2019,32.17,18.31,116.75,111.74,21.8771
5/12/2019,32.18,18.33,116.58,112.07,22.005
6/12/2019,32.4495,18.4,116.5,112.3,22.005
9/12/2019,32.48,18.37,116.53,112.6,22
10/12/2019,32.57,18.47,116.5,112.6,21.975
11/12/2019,32.58,18.52,116.91,113.35,21.995
12/12/2019,32.8957,18.66,116.34,113.36,22.1209
13/12/2019,32.96,18.59,116.81,113.78,22.235
16/12/2019,32.35,18.735,116.54,113.85,22.1
17/12/2019,32.49,18.76,116.7,114.27,22.2
18/12/2019,32.59,18.68,116.57,114.49,22.14
19/12/2019,32.57,18.725,116.65,113.66,22.085
20/12/2019,32.52,18.78,116.59,113.94,22.115
23/12/2019,32.73,18.7,116.39,114.07,22.12
24/12/2019,32.751,18.86,116.53,114.27,22.1226
25/12/2019,32.751,18.86,116.53,114.27,22.1226
26/12/2019,32.99,18.975,116.61,114.43,22.03
27/12/2019,32.98,19.015,116.65,114.74,22.105
30/12/2019,32.92,19.03,116.69,114.55,22.15
31/12/2019,32.9083,18.92,116.57,114.56,22.12
1/01/2020,32.9083,18.92,116.57,114.56,22.12
2/01/2020,33.08,18.96,117.14,114.7,22.175
3/01/2020,33.16,18.97,117.68,114.41,22.235
6/01/2020,33.1743,19.03,117.38,114.18,22.295
7/01/2020,33.09,19,117.02,114.36,22.2854
8/01/2020,32.77,18.85,116.91,114.66,22.3214
9/01/2020,32.6681,18.825,116.9,114.58,22.35
10/01/2020,32.6721,18.95,117.25,114.6,22.395
13/01/2020,32.5474,18.78,117.23,114.71,22.465
14/01/2020,32.64,18.83,117.39,114.68,22.5
15/01/2020,32.535,18.87,117.48,115.11,22.52
16/01/2020,32.6,18.73,117.29,115.35,22.59
17/01/2020,32.6544,18.8,117.1,115.21,22.6
20/01/2020,32.6544,18.8,117.1,115.21,22.6
21/01/2020,32.51,18.68,117.48,115.11,22.555
22/01/2020,32.1971,18.58,117.4,115.2,22.61
23/01/2020,31.975,18.45,117.64,114.93,22.465
24/01/2020,31.51,18.19,117.9,114.78,22.45
27/01/2020,30.855,17.95,118.17,114.635,22.25
28/01/2020,31.02,17.88,117.99,115.18,22.18
29/01/2020,30.87,17.8,118.42,115.71,22.205
30/01/2020,30.61,17.7,118.55,115.63,22.2
31/01/2020,30.1,17.62,119.06,115.98,22.16
3/02/2020,29.63,17.44,118.65,115.54,21.95
4/02/2020,29.65,17.43,118.14,115.4,22.19
5/02/2020,30.17,17.58,117.79,115.44,22.205
6/02/2020,30.2,17.67,118.01,115.72,22.36
7/02/2020,30.05,17.59,118.49,115.72,22.3427
10/02/2020,29.715,17.57,118.67,115.74,22.225
11/02/2020,29.99,17.57,118.32,115.69,22.23
12/02/2020,30.31,17.78,118.2,115.86,22.285
13/02/2020,30.41,17.81,118.45,115.89,22.275
14/02/2020,30.5,17.825,118.54,116.35,22.245
17/02/2020,30.5,17.825,118.54,116.35,22.245
18/02/2020,30.63,17.9,118.8,116.45,22.21
19/02/2020,30.9001,18.08,118.75,116.68,22.255
20/02/2020,30.7855,17.99,118.98,116.75,22.17
21/02/2020,30.64,17.94,119.2,117.01,22.155
24/02/2020,29.91,17.65,119.75,116.5,22.205
25/02/2020,29.34,17.41,119.55,115.78,22.27
26/02/2020,29,17.2747,119.49,115.72,22.23
27/02/2020,28.51,17.04,119.84,114.28,22.275
28/02/2020,27.93,16.68,120.03,114.12,22.365
2/03/2020,28.69,17.01,120.31,114.62,22.49
3/03/2020,28.67,17.15,121.53,115.95,22.43
4/03/2020,28.7,17.07,121.35,116.81,22.59
5/03/2020,28.3,16.94,121.73,115.78,22.625
6/03/2020,27.12,16.51,122.54,115.3,22.48
9/03/2020,24.4801,15.7,120.02,105.96,22.54
10/03/2020,25.55,16.135,116.58,107.19,22.493
11/03/2020,24.96,15.91,113.94,102.34,22.48
12/03/2020,24.1,15.23,113.67,97.3,22.205
13/03/2020,24.205,15.0768,114.12,100.06,22.195
16/03/2020,22.765,14.3,113.33,95.44,22.18
17/03/2020,22.5837,14.34,110.16,94.51,22.25
18/03/2020,21.55,14,108.81,85.8,22.2
19/03/2020,22.135,14.16,110.92,87.98,21.76
20/03/2020,21.83,14.045,115.86,91.09,21.725
23/03/2020,21.86,13.75,118.04,91.35,21.86
24/03/2020,22.415,14.65,118.11,94.2,22.04
25/03/2020,23.84,14.81,119.25,97.98,22.095
26/03/2020,22.61,14.65,119.86,99.6,21.945
27/03/2020,23.41,14.65,120.25,97.55,22.15
30/03/2020,22.28,14.25,118.34,97.42,22.1396
31/03/2020,22.45,14.28,117.92,96.68,21.99
1/04/2020,21.72,14.13,118.46,93.85,21.895
2/04/2020,22.42,14.34,120.27,95.77,22.045
3/04/2020,22.61,14.55,121.33,95.6,22.065
6/04/2020,22.74,14.58,121.25,97.53,21.995
7/04/2020,22.91,14.54,121.17,98.09,22.065
8/04/2020,22.87,14.715,120.34,98.51,22.155
9/04/2020,22.85,14.805,121.53,101.35,22.16
10/04/2020,22.85,14.805,121.53,101.35,22.16
13/04/2020,23.21,14.76,121.75,101.15,22.26
14/04/2020,23.31,14.65,122.11,101.82,22.465
15/04/2020,22.77,14.56,122.24,99.8,22.3522
16/04/2020,22.8,14.6177,121.18,99.15,22.25
17/04/2020,22.85,14.67,120.6,99.85,22.3335
20/04/2020,22.77,14.58,120.23,99.22,22.2984
21/04/2020,21.8,14.1293,120.84,97.83,22.225
22/04/2020,22.0743,14.26,121.57,97.91,22.215
23/04/2020,22.1334,14.36,121.5,98.38,22.265
24/04/2020,21.77,14.271,122.19,97.95,22.16
27/04/2020,21.71,14.0833,121.95,97.78,22.33
28/04/2020,21.765,14.025,122.37,98.74,22.385
29/04/2020,21.76,14.18,122.22,100.32,22.45
30/04/2020,22.05,14.405,121.31,100.5,22.44
1/05/2020,21.92,14.265,121.01,99.69,22.365
4/05/2020,21.94,14.39,121.13,99.69,22.1801
5/05/2020,22.25,14.564,121.27,100.78,22.15
6/05/2020,21.91,14.4619,120.68,100.33,22.24
7/05/2020,22.065,14.42,121.44,101.13,22.275
8/05/2020,22.51,14.695,121.4,101.65,22.3743
11/05/2020,22.16,14.62,120.98,102.21,22.35
12/05/2020,22.2,14.46,121.09,102.02,22.235
13/05/2020,22.01,14.51,121.2,101.41,22.335
14/05/2020,22.24,14.54,121.34,101.88,22.2597
15/05/2020,22.38,14.59,121.55,102.16,22.2844
18/05/2020,22.92,14.92,121.54,103.94,22.305
19/05/2020,22.82,14.96,121.4,104.02,22.325
20/05/2020,22.97,15.1003,121.76,106.02,22.29
21/05/2020,22.86,14.94,121.63,105.99,22.18
22/05/2020,22.71,14.895,121.7,105.51,22.155
25/05/2020,22.71,14.895,121.7,105.51,22.155
26/05/2020,23.2,14.975,121.25,106.16,22.115
27/05/2020,23,14.895,121.37,106.34,22.115
28/05/2020,23.1092,15.01,121.75,106.04,21.9757
29/05/2020,23.42,15.11,121.8,106.4,22.08
1/06/2020,23.43,15.2305,121.95,106.58,22.05
2/06/2020,23.59,15.3,121.68,107.61,22.22
3/06/2020,23.5,15.29,121.28,108.09,22.2
4/06/2020,23.88,15.42,120.82,107.58,22.074
5/06/2020,23.95,15.57,120.81,108.46,22.16
8/06/2020,23.83,15.51,121.07,109.23,22.1551
9/06/2020,23.98,15.62,121.19,108.94,22.19
10/06/2020,24.0455,15.64,122.12,108.95,22.165
11/06/2020,23.28,15.255,122.16,106.45,22.25
12/06/2020,23.405,15.29,121.83,107.69,22.22
15/06/2020,23.605,15.32,121.88,108.26,22.1552
16/06/2020,23.81,15.41,121.82,108.77,22.22
17/06/2020,23.555,15.42,121.74,108.615,22.125
18/06/2020,23.52,15.47,122.29,108.5,22.22
19/06/2020,23.6281,15.515,122.53,108.74,22.24
22/06/2020,23.86,15.55,122.84,108.93,22.26
23/06/2020,23.8344,15.585,122.91,109.15,22.3392
24/06/2020,23.4487,15.335,122.74,108.81,22.27
25/06/2020,23.47,15.36,122.85,108.88,22.255
26/06/2020,23.38,15.265,123.06,108.66,22.23
29/06/2020,23.7151,15.405,123.2,108.8,22.17
30/06/2020,23.7492,15.545,123,109.22,22.23
1/07/2020,23.87,15.645,123.08,109.14,22.28
2/07/2020,23.97,15.69,123.42,109.72,22.1732
3/07/2020,23.97,15.69,123.42,109.72,22.1732
6/07/2020,24.1469,15.755,123.66,110.4,22.25
7/07/2020,24.25,15.8609,123.69,109.78,22.38
8/07/2020,24.41,15.925,123.47,110.25,22.3
9/07/2020,24.43,15.91,123.79,109.77,22.335
10/07/2020,24.47,15.98,123.66,109.76,22.25
13/07/2020,24.265,15.83,123.93,109.54,22.31
14/07/2020,24.36,15.885,123.95,109.8,22.29
15/07/2020,24.51,15.93,123.88,110.25,22.3055
16/07/2020,24.43,15.9152,124.13,110.45,22.33
17/07/2020,24.46,15.9845,124.36,110.7,22.35
20/07/2020,24.5047,15.96,124.53,111.44,22.3927
21/07/2020,24.74,16.215,124.81,112.04,22.375
22/07/2020,24.79,16.24,124.81,112.36,22.47
23/07/2020,24.8,16.26,124.87,112.31,22.375
24/07/2020,24.77,16.265,124.84,112.39,22.355
27/07/2020,25,16.51,124.84,112.58,22.38
28/07/2020,24.98,16.45,125.07,112.2,22.41
29/07/2020,25.06,16.53,125.36,112.86,22.4051
30/07/2020,24.85,16.3556,125.49,112.83,22.4
31/07/2020,24.95,16.512,125.86,113.09,22.4
3/08/2020,25.2,16.65,126.03,113.18,22.455
4/08/2020,25.29,16.76,126.31,113.76,22.41
5/08/2020,25.49,16.9,126.37,114.12,22.45
6/08/2020,25.5001,17.025,126.51,114.41,22.595
7/08/2020,25.2211,16.785,126.17,114.17,22.525
10/08/2020,25.3351,16.92,126.02,114.34,22.45
11/08/2020,25.12,16.59,125.74,114.22,22.4
12/08/2020,25.37,16.795,125.82,114.09,22.4
13/08/2020,25.4034,16.8539,125.5,113.83,22.5734
14/08/2020,25.43,16.87,125.29,113.32,22.48
17/08/2020,25.6605,17.0804,125.56,113.45,22.49
18/08/2020,25.725,17.165,126.12,113.3,22.53
19/08/2020,25.725,17.115,125.74,113.04,22.59
20/08/2020,25.725,17.125,125.62,113.3,22.59
21/08/2020,25.52,16.955,126.05,113.66,22.52
24/08/2020,25.69,17,126.3,113.89,22.63
25/08/2020,25.91,17.165,126.26,113.33,22.61
26/08/2020,25.9,17.19,126.51,113.07,22.62
27/08/2020,25.8,17.205,126.01,112.54,22.62
28/08/2020,25.965,17.3174,126.41,113.59,22.69
31/08/2020,25.94,17.355,126.98,113.58,22.7348
1/09/2020,25.945,17.375,127.05,114.01,22.83
2/09/2020,25.81,17.3,127.1,114.48,22.8225
3/09/2020,25.71,17.12,126.66,113.9,22.7169
4/09/2020,25.5258,17.12,126.27,113.41,22.7
7/09/2020,25.5258,17.12,126.27,113.41,22.7
8/09/2020,24.96,16.84,126.39,112.96,22.765
9/09/2020,25.1103,17.0046,126.46,113.53,22.755
10/09/2020,25,16.85,126.57,113.21,22.76
11/09/2020,25.14,16.995,126.5,113.25,22.82
14/09/2020,25.18,17.06,126.42,113.36,22.845
15/09/2020,25.24,17.105,126.51,113.55,22.97
16/09/2020,25.43,17.28,126.51,113.28,23.05
17/09/2020,25.5524,17.37,126.58,112.81,23.08
18/09/2020,25.61,17.47,126.47,112.29,23.09
21/09/2020,25.1213,16.98,126.24,111.19,22.97
22/09/2020,25.03,17,126.28,110.96,22.9286
23/09/2020,24.85,16.75,126.15,109.53,22.93
24/09/2020,24.9559,16.85,126.24,109.82,22.83
25/09/2020,24.89,16.8887,126.41,110.35,22.8185
28/09/2020,24.99,16.9497,126.67,110.6,22.76
29/09/2020,24.6804,16.82,126.88,110.35,22.83
30/09/2020,24.965,16.98,126.5,110.89,23
1/10/2020,24.7369,16.7824,126.06,110.73,23.03
2/10/2020,24.5,16.62,126.08,110.34,23.27
5/10/2020,24.95,16.98,125.7,110.77,23.22
6/10/2020,25.025,17.0101,125.72,110.85,23.3
7/10/2020,25.08,17.19,125.71,111.09,23.26
8/10/2020,25.16,17.2796,126.21,112.17,23.275
9/10/2020,25.2015,17.485,126.25,112.44,23.27
12/10/2020,25.01,17.2694,126.33,112.73,23.2
13/10/2020,24.99,17.25,126.33,112.45,23.1
14/10/2020,25.23,17.41,126.33,112.41,23.23
15/10/2020,25.34,17.4,126.29,111.96,23.275
16/10/2020,25.17,17.39,126.34,112.13,23.33
19/10/2020,25.12,17.395,126.04,111.48,23.34
20/10/2020,25.31,17.51,125.93,111.54,23.405
21/10/2020,25.19,17.49,125.89,110.97,23.46
22/10/2020,25.125,17.505,125.7,110.45,23.44
23/10/2020,24.93,17.43,125.85,110.97,23.4
26/10/2020,24.68,17.39,125.95,110.57,23.31
27/10/2020,24.85,17.46,126.2,111.23,23.3
28/10/2020,24.38,17.09,126.04,110.28,23.25
29/10/2020,24.12,16.955,125.61,110.32,23.255
30/10/2020,24.18,16.98,125.23,110.02,23.291
2/11/2020,24.63,17.11,125.37,109.8,23.37
3/11/2020,24.68,17.18,125.27,110.69,23.41
4/11/2020,24.93,17.31,125.48,112.83,23.625
5/11/2020,25.02,17.43,125.58,113.26,23.8595
6/11/2020,24.81,17.405,125.01,112.76,23.78
9/11/2020,25.14,17.53,124.65,113.3,23.67
10/11/2020,25.427,17.73,124.77,113.18,23.53
11/11/2020,25.47,17.73,124.99,113.61,23.56
12/11/2020,25.32,17.65,125.34,113.39,23.61
13/11/2020,25.17,17.69,125.33,113.83,23.735
16/11/2020,25.35,17.86,125.16,114.08,23.68
17/11/2020,25.41,17.89,125.37,113.88,23.74
18/11/2020,25.43,17.935,125.41,113.78,23.71
19/11/2020,25.33,17.905,125.54,114.04,23.62
20/11/2020,25.45,18.025,125.82,114.12,23.72
23/11/2020,25.53,18,125.72,114.03,23.64
24/11/2020,25.7944,18.1974,125.76,114.19,23.47
25/11/2020,25.9203,18.25,125.97,114.1,23.595
26/11/2020,25.9203,18.25,125.97,114.1,23.595
27/11/2020,26.06,18.285,126.28,114.47,23.66
30/11/2020,25.88,18.15,126.42,114.25,23.68
1/12/2020,25.74,18.185,126,114.14,23.6986
2/12/2020,25.7037,18.24,126.09,114.2,23.73
3/12/2020,25.47,18.2,126.44,114.68,23.8046
4/12/2020,25.66,18.27,126.17,114.78,23.9
7/12/2020,25.67,18.23,126.5,114.76,23.88
8/12/2020,25.74,18.195,126.71,114.57,23.91
9/12/2020,25.77,18.28,126.55,114.29,23.79
10/12/2020,26.1,18.48,126.84,114.86,23.859
11/12/2020,26.06,18.4414,126.83,114.92,23.84
14/12/2020,26.04,18.51,126.83,114.92,23.78
15/12/2020,26.17,18.65,127.06,115.31,23.8637
16/12/2020,26.31,18.7662,127.05,115.39,23.93
17/12/2020,26.64,18.97,127.1,115.37,23.9801
18/12/2020,26.7395,19.04,127.04,115.22,23.94
21/12/2020,26.43,18.9514,127.02,114.89,23.92
22/12/2020,26.16,18.7999,127.14,115.03,23.81
23/12/2020,26.45,19.04,127.2,115.2,23.82
24/12/2020,26.52,18.99,127.25,115.49,23.855
25/12/2020,26.52,18.99,127.25,115.49,23.855
28/12/2020,26.3723,18.97,127.34,115.52,23.9403
29/12/2020,26.5,19.085,127.28,115.69,23.93
30/12/2020,26.58,19.225,127.38,115.84,23.97
31/12/2020,26.67,19.33,127.65,115.91,24.03
1/01/2021,26.67,19.33,127.65,115.91,24.03
4/01/2021,26.64,19.34,127.79,115.27,24.31
5/01/2021,27.3,19.84,127.75,115.35,24.275
6/01/2021,27.25,19.82,127.37,114.52,24.2
7/01/2021,27.4,19.82,127.29,114.48,24.105
8/01/2021,27.5884,19.7988,126.79,114.54,24.08
11/01/2021,27.4375,19.6389,126.52,113.64,24.1262
12/01/2021,27.94,19.95,126.69,113.1,24.24
13/01/2021,27.89,19.91,126.97,113.63,24.12
14/01/2021,28.13,20.13,127.03,113.3,24.1601
15/01/2021,27.75,19.88,127.17,113.43,24.13
18/01/2021,27.75,19.88,127.17,113.43,24.13
19/01/2021,27.865,19.85,127.47,113.59,24.082
20/01/2021,27.83,19.915,127.66,113.72,24.2
21/01/2021,27.89,19.95,127.97,113.8,24.165
22/01/2021,27.54,19.6585,127.77,113.85,24.05
25/01/2021,27.7,19.86,128.1,114.3,24.07
26/01/2021,27.785,19.9284,127.91,114.15,24.125
27/01/2021,27.635,19.86,127.87,113.62,24.12
28/01/2021,27.5149,19.86,128.12,113.86,24.07
29/01/2021,27.54,19.89,127.99,113.85,24.22
1/02/2021,27.9,20.25,127.71,114.05,24.11
2/02/2021,28.12,20.15,127.9,114.05,24.045
3/02/2021,28.3345,20.29,127.83,113.76,24.07
4/02/2021,28.41,20.35,127.74,114.09,24.06
5/02/2021,28.7,20.57,127.71,114.22,24.0296
8/02/2021,29.09,20.7,127.83,114.22,24.1163
9/02/2021,29.13,20.86,127.9,113.81,24.16
10/02/2021,29.16,20.75,128.01,114.04,24.2
11/02/2021,29.07,20.7,127.86,114.11,24.1646
12/02/2021,29.42,20.9,127.65,113.48,24.22
15/02/2021,29.42,20.9,127.65,113.48,24.22
16/02/2021,29.81,21.27,127.03,112.09,24.16
17/02/2021,29.87,21.18,126.98,112.71,24.12
18/02/2021,29.82,21.19,126.45,112.59,23.9671
19/02/2021,29.73,21.31,125.91,111.99,24.0085
22/02/2021,30.43,21.66,125.9,111.23,24.03
23/02/2021,30.71,21.73,125.93,111.36,23.98
24/02/2021,31.15,21.93,125.83,111.53,24
25/02/2021,30.94,21.7,124.29,109.54,23.75
26/02/2021,30.3,21.37,125.83,110.03,23.88
1/03/2021,29.96,21.2,125.41,110.29,23.87
2/03/2021,29.98,21.29,125.92,110.22,23.9666
3/03/2021,30.21,21.33,125.6,109.56,23.92
4/03/2021,30.69,21.13,125.12,108.62,23.72
5/03/2021,31.33,21.41,125.25,108.6,23.69
8/03/2021,31.01,21.29,124.56,106.72,23.42
9/03/2021,30.89,21.44,125.34,107.98,23.61
10/03/2021,31.05,21.37,125.91,109.03,23.7744
11/03/2021,31.59,21.59,126.02,109.84,23.91
12/03/2021,31.4,21.58,125.03,108.46,23.8649
15/03/2021,31.41,21.58,125.4,109.17,23.89
16/03/2021,31.23,21.55,125.66,109.55,23.88
17/03/2021,31.08,21.48,125.55,110.47,23.94
18/03/2021,29.77,20.93,124.66,108.97,23.81
19/03/2021,30.34,21.21,124.9,109.29,23.83
22/03/2021,30.28,21.25,125.5,109.53,23.8
23/03/2021,30.03,20.89,125.76,109.14,23.84
24/03/2021,30.14,21.23,126.09,109.38,23.814
25/03/2021,29.52,20.81,126,109.22,23.72
26/03/2021,30.23,22.79,126.03,109.26,23.7088
29/03/2021,30.34,21.14,125.69,108.69,23.58
30/03/2021,29.88,20.7,125.47,108.74,23.5509
31/03/2021,29.92,20.94,125.5,108.88,23.75
1/04/2021,30.37,20.93,125.56,109.39,23.64
2/04/2021,30.37,20.93,125.56,109.39,23.64
5/04/2021,29.75,20.96,125.2,109.26,23.735
6/04/2021,30.06,21.07,125.27,109.63,23.89
7/04/2021,30.2,21.09,125.35,109.25,23.8274
8/04/2021,30.2,21.21,125.63,109.88,23.775
9/04/2021,30.25,21.16,125.36,109.58,23.728
12/04/2021,30.23,21.02,125.38,109.76,23.78
13/04/2021,30.48,21.19,125.84,110.34,23.84
14/04/2021,31.14,21.5,125.84,110.24,23.875
15/04/2021,31.37,21.66,126.52,111.58,23.8558
16/04/2021,31.3,21.64,126.48,111.22,23.84
19/04/2021,31.4,21.72,126.26,111.14,23.945
20/04/2021,31.3,21.73,126.34,110.86,24
21/04/2021,31.12,21.84,126.46,111.07,23.995
22/04/2021,31.35,21.93,126.61,111.24,24.03
23/04/2021,31.64,22.13,126.67,111.43,24
26/04/2021,31.84,22.4,126.74,110.92,24.045
27/04/2021,32.07,22.52,126.73,110.32,24.0394
28/04/2021,32.14,22.55,127.13,110.69,24.04
29/04/2021,32.38,22.53,127.07,110.82,24.085
30/04/2021,32.13,22.51,126.99,111.14,24.12
3/05/2021,32.54,22.79,126.79,110.64,24.1195
4/05/2021,32.92,23,127.08,110.74,24.04
5/05/2021,33.03,23.02,127.65,110.89,24.03
6/05/2021,33.19,23.28,127.5,111.1,24.12
7/05/2021,33.43,23.45,127.77,111.6,24.18
10/05/2021,33.2,23.35,127.83,111.35,24.27
11/05/2021,33.57,23.58,127.49,111.09,24.21
12/05/2021,33.48,23.5,127.27,110.08,24.07
13/05/2021,32.61,23.07,127.3,110.65,24.1681
14/05/2021,32.79,23.24,127.75,111.23,24.19
17/05/2021,33.15,23.37,128,111.17,24.23
18/05/2021,33.07,23.4,127.81,111.16,24.38
19/05/2021,32.37,22.98,126.94,110.64,24.29
20/05/2021,32,22.8,127.09,111.41,24.35
21/05/2021,32.38,22.83,127.32,111.19,24.34
24/05/2021,32.64,22.97,127.63,111.31,24.32
25/05/2021,32.57,22.89,127.99,111.85,24.4
26/05/2021,32.79,22.99,127.7,111.84,24.38
27/05/2021,33.225,23.32,127.69,111.63,24.54
28/05/2021,33.19,23.47,127.77,111.86,24.64
31/05/2021,33.19,23.47,127.77,111.86,24.64
1/06/2021,33.67,23.58,127.46,111.65,24.46
2/06/2021,33.87,23.79,127.3,111.82,24.475
3/06/2021,33.58,23.35,126.87,111.27,24.47
4/06/2021,33.96,23.81,127.48,112.01,24.39
7/06/2021,34.02,23.4,127.2,111.76,24.44
8/06/2021,34.28,23.77,127.33,112.2,24.35
9/06/2021,34.16,23.87,127.34,112.6,24.41
10/06/2021,34.3,23.94,128,112.77,24.4285
11/06/2021,34.26,23.89,127.67,112.9,24.32
14/06/2021,34.17,23.59,127.6,112.22,24.29
15/06/2021,34.14,23.37,127.81,112.47,24.25
16/06/2021,33.89,23.3,126.65,111.51,24.2
17/06/2021,33.17,22.41,127.13,111.95,24.15
18/06/2021,33.48,22.77,127.18,112.27,24.095
21/06/2021,33.78,22.79,126.96,112.2,24.06
22/06/2021,33.78,22.87,127.66,112.15,24.05
23/06/2021,33.93,23.04,127.69,112.28,24.06
24/06/2021,34.03,23.05,127.45,112.32,24.13
25/06/2021,34.04,23.27,127.58,112.13,24.15
28/06/2021,34.06,23.27,127.77,112.34,24.24
29/06/2021,34.14,23.26,127.84,112.31,24.16
30/06/2021,34.5,23.65,128.01,112.46,24.09
1/07/2021,34.52,23.26,127.3,111.99,24.14
2/07/2021,34.78,23.64,127.84,112.12,24.08
5/07/2021,34.78,23.64,127.84,112.12,24.08
6/07/2021,33.93,23.18,128.17,112.25,24.1
7/07/2021,33.67,23.04,128.08,112.41,23.96
8/07/2021,33.52,23.11,127.91,112.18,23.95
9/07/2021,34.11,23.28,127.93,112.15,23.95
12/07/2021,34.27,23.47,128.27,112.22,24.06
13/07/2021,34.61,23.58,128.27,111.82,24.15
14/07/2021,34.39,23.51,128.61,112.3,24.17
15/07/2021,34.06,23.52,129,112.65,24.26
16/07/2021,34.21,23.9,129,112.5,24.14
19/07/2021,32.75,22.92,129.05,112.52,24.08
20/07/2021,33.25,23.21,129.03,112.83,24.1699
21/07/2021,33.99,23.46,128.7,112.4,24.21
22/07/2021,34.29,23.21,129.06,112.65,24.2
23/07/2021,34.37,23.81,129.64,112.66,24.22
26/07/2021,34.6,24.1,130.2,112.35,24.15
27/07/2021,34.42,23.92,130.17,112.05,23.93
28/07/2021,34.69,23.91,130.61,112.33,24.14
29/07/2021,35.07,24.29,130.38,112.43,24.21
30/07/2021,34.85,23.98,130.58,112.73,24.34
2/08/2021,34.55,23.82,129.85,112.53,24.31
3/08/2021,34.25,24,129.97,112.58,24.22
4/08/2021,33.78,23.8,129.72,112.63,24.25
5/08/2021,34.18,23.7,129.26,112.56,24.27
6/08/2021,33.88,23.5,128.97,111.96,24.2
9/08/2021,33.4,23.31,128.74,111.59,24.22
10/08/2021,33.89,23.55,128.86,111.57,24.2509
11/08/2021,34.21,23.75,129.07,111.64,24.33
12/08/2021,34.02,23.65,128.97,111.79,24.34
13/08/2021,34,23.73,129.3,112.32,24.36
16/08/2021,33.85,23.79,129.43,112.34,24.36
17/08/2021,33.6,23.59,129.08,112.24,24.32
18/08/2021,33.27,23.25,129.1,112.15,24.3274
19/08/2021,32.67,23.19,129.15,112.26,24.23
20/08/2021,32.1,22.72,128.75,112.1,24.27
23/08/2021,33.13,23.1,129.05,112.52,24.36
24/08/2021,33.83,23.51,129.05,112.59,24.33
25/08/2021,34.19,23.59,129,112.51,24.382
26/08/2021,33.92,23.49,129.02,112.33,24.345
27/08/2021,34.31,23.76,129.99,113.05,24.395
30/08/2021,34.34,23.83,129.97,113.35,24.39
31/08/2021,34.43,23.73,129.59,113.39,24.44
1/09/2021,34.2,23.72,128.75,113.24,24.38
2/09/2021,34.64,23.71,128.8,113.55,24.37
3/09/2021,34.83,24,128.62,113.18,24.52
6/09/2021,34.83,24,128.62,113.18,24.52
7/09/2021,34.15,23.72,128.3,112.87,24.41
8/09/2021,34.39,23.64,128.82,113.07,24.35
9/09/2021,34.44,23.6,129.5,113.26,24.36
10/09/2021,34.58,23.81,129.14,112.9,24.45
13/09/2021,34.6,23.82,129.14,113.05,24.385
14/09/2021,34.48,23.77,129.21,113.27,24.44
15/09/2021,35.06,24.03,129.28,113.25,24.4674
16/09/2021,34.88,23.97,129.07,112.87,24.38
17/09/2021,34.66,23.69,128.7,112.5,24.37
20/09/2021,34.27,23.38,128.82,111.98,24.1829
21/09/2021,34,23.3,128.73,112.19,24.12
22/09/2021,34.76,23.53,128.6,112.26,24.28
23/09/2021,35.26,23.87,128.14,111.4,24.3051
24/09/2021,35.44,23.96,127.82,110.94,24.295
27/09/2021,35.94,24.28,127.88,110.61,24.32
28/09/2021,35.8,24.21,127.6,109.98,24.25
29/09/2021,35.65,24.08,127.67,110.08,24.22
30/09/2021,35.84,24.11,127.69,110.06,24.39
1/10/2021,36.18,24.51,127.81,109.69,24.4295
4/10/2021,36.72,24.79,127.8,109.16,24.35
5/10/2021,37.2,24.92,127.93,109.23,24.3315
6/10/2021,36.5,24.78,127.86,109,24.3
7/10/2021,36.99,24.85,127.75,109.12,24.3117
8/10/2021,37.32,24.87,127.78,108.85,24.35
11/10/2021,37.34,25.1,127.7,108.55,24.34
12/10/2021,37.33,24.87,127.94,108.9,24.25
13/10/2021,37.45,24.97,128.52,109.59,24.34
14/10/2021,37.82,25.335,128.77,110.06,24.33
15/10/2021,38.05,25.54,128.56,109.93,24.343
18/10/2021,37.83,25.38,128.29,109.57,24.4
19/10/2021,37.93,25.395,127.98,109.49,24.52
20/10/2021,38.34,25.78,128.21,109.55,24.52
21/10/2021,37.7,25.26,128.5,109.08,24.485
22/10/2021,37.78,25.31,128.76,109.51,24.56
25/10/2021,37.95,25.59,129.07,109.59,24.57
26/10/2021,38.04,25.5,129.52,109.82,24.57
27/10/2021,37.44,25.19,130.13,110.47,24.51
28/10/2021,37.64,25.23,129,110.26,24.5
29/10/2021,37.46,25.16,128.67,109.89,24.45
1/11/2021,37.63,25.26,128.04,109.23,24.42
2/11/2021,37.7,25.23,128.55,109.37,24.51
3/11/2021,36.96,25,128.37,109.2,24.55
4/11/2021,36.74,24.75,129.22,109.99,24.53
5/11/2021,37.22,24.89,129.67,110.82,24.55
8/11/2021,37.48,24.88,130.1,110.72,24.6
9/11/2021,37.77,24.96,130.86,110.92,24.55
10/11/2021,37.31,24.86,130.46,109.3,24.5
11/11/2021,37.46,25.12,130.44,109.3,24.58
12/11/2021,37.42,25.16,130.42,109.58,24.62
15/11/2021,37.45,25.19,130.44,109.29,24.6
16/11/2021,37.37,25.13,130.25,109.04,24.58
17/11/2021,37.09,25.04,130.51,109.16,24.5898
18/11/2021,37.22,25.06,130.59,109.44,24.6
19/11/2021,36.66,24.91,130.35,109.41,24.54
22/11/2021,36.89,25,129.3,108.28,24.62
23/11/2021,37.68,25.23,128.8,107.6,24.59
24/11/2021,37.68,25.2,129.2,107.77,24.56
25/11/2021,37.68,25.2,129.2,107.77,24.56
26/11/2021,35.17,24.28,129.84,106.57,24.56
29/11/2021,35.21,24.15,129.54,107.49,24.61
30/11/2021,34.11,23.67,129.66,107.47,24.735
1/12/2021,33.76,23.37,129.07,107.86,24.68
2/12/2021,34.22,23.63,129.45,108.5,24.7
3/12/2021,34.18,23.72,129.72,108.64,24.595
6/12/2021,35.03,23.85,129.13,108.74,24.62
7/12/2021,35.43,24.03,129.34,109.32,24.675
8/12/2021,35.89,24.26,129.12,109.16,24.78
9/12/2021,35.32,24,128.59,109.09,24.7
10/12/2021,35.65,24.1,128.58,109.11,24.6796
13/12/2021,30.06,24.04,128.71,109.56,24.685
14/12/2021,29.8,23.92,128.3,109.28,24.687
15/12/2021,29.82,23.94,128.41,108.93,24.6779
16/12/2021,30.02,24.18,127.89,108.67,24.62
17/12/2021,29.71,23.98,127.9,108.48,24.65
20/12/2021,29.38,23.87,127.83,107.9,24.63
21/12/2021,30.01,24.22,128.11,108.22,24.66
22/12/2021,30.46,24.58,128.52,108.34,24.63
23/12/2021,30.59,22.96,128.23,108.5,24.6803
24/12/2021,30.59,22.96,128.23,108.5,24.6803
27/12/2021,31.03,23.3,128.66,108.9,24.71
28/12/2021,31.02,23.14,128.58,108.8,24.71
29/12/2021,31.2,23.16,128.69,108.69,24.615
30/12/2021,31.07,23.06,129.36,109.195,24.62
31/12/2021,30.88,23.06,129.2,109.06,24.68
3/01/2022,31.055,23.11,128.46,107.98,24.66
4/01/2022,31.41,23.35,127.97,107.92,24.65
5/01/2022,31.33,23.29,126.93,106.89,24.635
6/01/2022,31.64,23.32,126.38,106.79,24.5645
7/01/2022,31.64,23.4,126.23,106.58,24.585
10/01/2022,31.5,23.37,126.39,106.22,24.625
11/01/2022,32.17,23.76,127.27,106.44,24.65
12/01/2022,32.41,23.99,126.45,106.22,24.72
13/01/2022,32.17,23.75,126.48,105.86,24.73
14/01/2022,32.64,23.98,125.91,104.93,24.7894
17/01/2022,32.64,23.98,125.91,104.93,24.7894
18/01/2022,32.95,24.04,125.31,103.96,24.81
19/01/2022,33.15,24.32,125.05,104.66,24.86
20/01/2022,33.09,24.34,125.2,105.03,24.855
21/01/2022,33.1,24.29,125.98,105.59,24.89
24/01/2022,32.92,24.16,126.27,104.88,24.95
25/01/2022,33.21,24.28,126.05,105.04,24.9607
26/01/2022,33.36,24.43,125.25,104.49,24.96
27/01/2022,33.34,24.53,125.76,105.08,24.835
28/01/2022,33.38,24.67,126.2,105.41,24.825
31/01/2022,33.46,24.74,126.54,105.38,24.82
1/02/2022,33.6,25.08,125.28,105.28,24.77
2/02/2022,33.65,25.23,125.42,105.76,24.835
3/02/2022,33.87,25.19,124.63,104.85,24.85
4/02/2022,34.28,25.27,123.91,104.35,24.83
7/02/2022,34.41,25.32,123.86,104.23,24.78
8/02/2022,34.15,25.22,123.7,103.96,24.8
9/02/2022,34.52,25.46,123.94,104.33,24.77
10/02/2022,34.31,25.35,122.95,102.96,24.78
11/02/2022,34.98,25.57,124.05,102.36,24.79
14/02/2022,35.28,25.63,123.72,102.75,24.82
15/02/2022,34.56,25.39,123.21,103.14,24.865
16/02/2022,34.46,25.56,123.45,103.44,24.96
17/02/2022,34.76,25.7,123.73,102.96,24.97
18/02/2022,34.89,25.75,124.14,103,25.01
21/02/2022,34.89,25.75,124.14,103,25.01
22/02/2022,35.38,26.08,124.52,101.7,25.09
23/02/2022,35.61,26.27,124.61,99.99,25.01
24/02/2022,36.04,26.44,125.12,98.98,24.925
25/02/2022,35.42,26.05,125.01,100.17,24.9351
28/02/2022,36.38,26.42,127.18,99.2,24.94
1/03/2022,38.43,27.45,127.86,97.32,24.9
2/03/2022,40.32,28.12,127.03,97.11,24.825
3/03/2022,40.19,28.4,126.88,96.69,24.871
4/03/2022,42.02,29.25,127.85,94.61,24.85
7/03/2022,43.55,30.58,128.54,93.87,24.76
8/03/2022,45.1,31.46,129.16,94.69,24.7203
9/03/2022,40.35,28.78,127.88,95.61,24.72
10/03/2022,39.2,29.22,127.6,95.75,24.68
11/03/2022,40.45,29.63,128.5,95.01,24.6
14/03/2022,39.21,27.75,127.08,94.81,24.345
15/03/2022,37.87,27.59,126.13,95.38,24.35
16/03/2022,37.73,27.29,125.4,97.33,24.57
17/03/2022,39.57,28.03,127.11,97.95,24.5
18/03/2022,39.91,28.08,126.72,97.55,24.39
21/03/2022,41.69,28.64,125.6,95.84,24.52
22/03/2022,41.4,28.51,125.02,95.67,24.48
23/03/2022,42.81,29.24,126.59,95.75,24.43
24/03/2022,42.3,29.37,125.81,96.13,24.44
25/03/2022,42.61,29.34,124.95,95.91,24.46
28/03/2022,40.32,28.56,124.81,96.84,24.49
29/03/2022,40.5,28.45,124.36,97.79,24.52
30/03/2022,41.22,28.83,124.97,97.86,24.595